/* Table for IMDB_User */CREATE TABLE "IMDB_User" ( "UserID" VARCHAR2(10) PRIMARY KEY, "FirstName" VARCHAR2(15) NOT NULL, "LastName" VARCHAR2(15) NOT NULL, "Gender" CHAR(1) NOT NULL, "Birthdate" DATE, "Birthplace" VARCHAR2(10), "Profile_Pic" VARCHAR2(100), "Email" VARCHAR2(30) NOT NULL );/* Table for Movie */CREATE TABLE "Movie" ( "Title" VARCHAR2(30) NOT NULL, "Release_Year" NUMBER NOT NULL, "Genre" VARCHAR2(30) NOT NULL, "Production_Cost" NUMBER, "Production_Contract" NUMBER, "Scenes_ID" NUMBER, "Serial_Number" VARCHAR2(5) PRIMARY KEY, "Awards" NUMBER, "Director" VARCHAR2(15) NOT NULL );/* Table for Production (multivalued attribute) */CREATE TABLE "Production" ( "Company" VARCHAR2(30) NOT NULL, "Contract_Num" NUMBER PRIMARY KEY, "Movie" VARCHAR2(5), "TV_Series" NUMBER );/* Table for Actor_Cast Relationship */CREATE TABLE "Actor_Cast" ( "Movie_ID" VARCHAR2(5) NOT NULL, "Actor_ID" VARCHAR2(15) NOT NULL, "Character_name" VARCHAR2(30) );/* Table for Awards (multivalued attribute) */CREATE TABLE "Awards" ( "Awards_ID" NUMBER PRIMARY KEY, "Categories_won" VARCHAR2(100), "Categories_nominated" VARCHAR2(100) NOT NULL, "Events" VARCHAR2(500), "Movie_ID" VARCHAR2(5), "TV_Series_ID" NUMBER, "Director_ID" VARCHAR2(15), "Actor_ID" VARCHAR2(15) );/* Table for Scenes Relationship */CREATE TABLE "Scenes" ( "Scenes_ID" NUMBER PRIMARY KEY, "Parent_Movie" VARCHAR2(5) NOT NULL, "SceneNum" NUMBER NOT NULL );/* Table for Review */CREATE TABLE "Review" ( "Review_ID" VARCHAR2(10) PRIMARY KEY, "Publish_Date" DATE NOT NULL, "Author" VARCHAR2(10) NOT NULL, "Textual_Content" VARCHAR2(2000), "NumStars" NUMBER NOT NULL, "NumVotes" NUMBER NOT NULL, "Content_ID" VARCHAR2(10), "Movie_Subject" VARCHAR2(5), "TV_Subject" NUMBER );/* Table for Reviews Relationship */CREATE TABLE "Reviews" ( "UserID" VARCHAR2(10) NOT NULL, "Review_ID" VARCHAR2(10) NOT NULL );/* Supertype Person */CREATE TABLE "Person" ( "PID" VARCHAR2(15) PRIMARY KEY, "FirstName" VARCHAR2(15) NOT NULL, "LastName" VARCHAR2(15) NOT NULL, "Gender" CHAR(1), "Birthdate" DATE, "Birthplace" VARCHAR2(10), "Photo" NUMBER, "Marriage_ID" NUMBER, "Guardian_Child_ID" NUMBER ); //* Table for Marriage Relationship */CREATE TABLE "Marriage" ( "Marriage_ID" NUMBER PRIMARY KEY, "Spouse1" VARCHAR2(15) NOT NULL, "Spouse2" VARCHAR2(15) NOT NULL, "Years_Married" NUMBER );/* Table for Guardian_Child Relationship */CREATE TABLE "Guardian_Child" ( "Guardian_Child_ID" NUMBER PRIMARY KEY, "Guardian" VARCHAR2(15) NOT NULL, "Child" VARCHAR2(15) NOT NULL );/* Table for Birthplace (multivalued attribute) */CREATE TABLE "Birth_place" ( "Place_ID" VARCHAR2(10), "Nation" VARCHAR2(20) NOT NULL, "Province" VARCHAR2(20), "State" VARCHAR2(20) );/* Table for Director */CREATE TABLE "Director" ( "Awards" NUMBER, "Movie" VARCHAR2(5), "PID" VARCHAR2(15) PRIMARY KEY, "FirstName" VARCHAR2(15) NOT NULL, "LastName" VARCHAR2(15) NOT NULL, "Gender" CHAR(1), "Birthdate" DATE, "Birthplace" VARCHAR2(10), "Photo" NUMBER, "Marriage_ID" NUMBER, "Guardian_Child_ID" NUMBER );/* Table for Actor */CREATE TABLE "Actor" ( "Awards" NUMBER, "PID" VARCHAR2(15) PRIMARY KEY, "FirstName" VARCHAR2(15) NOT NULL, "LastName" VARCHAR2(15) NOT NULL, "Gender" CHAR(1), "Birthdate" DATE, "Birthplace" VARCHAR2(10), "Photo" NUMBER, "Marriage_ID" NUMBER, "Guardian_Child_ID" NUMBER );/* Table for TV_Cast Relationship */CREATE TABLE "TV_Cast" ( "TV_Series" NUMBER NOT NULL, "Actor" VARCHAR2(15) NOT NULL, "Role" VARCHAR2(15) NOT NULL, "Character_name" VARCHAR2(30) NOT NULL );/* Table for Ep_Cast */CREATE TABLE "Ep_Cast" ( "Actor" VARCHAR2(15) NOT NULL, "Ep_Number" NUMBER NOT NULL, "Reg_or_Guest" VARCHAR2(7) NOT NULL );/* Table for Photo */CREATE TABLE "Photo" ( "PhotoID" NUMBER PRIMARY KEY, "Name" VARCHAR2(15) NOT NULL, "Author" VARCHAR2(15) NOT NULL, "Description" VARCHAR2(50), "Profile_or_personal" VARCHAR2(8) NOT NULL );/* Table for TV_Series */CREATE TABLE "TV_Series" ( "TV_Series_ID" NUMBER PRIMARY KEY, "Name" VARCHAR2(15) NOT NULL, "TV_Network" VARCHAR2(15) NOT NULL, "Production" NUMBER NOT NULL, "Num_Episodes" NUMBER NOT NULL );/* Table for Episode */CREATE TABLE "Episode" ( "Ep_Number" NUMBER NOT NULL, "Title" VARCHAR2(15) NOT NULL, "Ep_Length" NUMBER NOT NULL, "TV_Series" NUMBER NOT NULL );/* Table for RComment */CREATE TABLE "RComment" ( "Post_date" DATE, "Content_ID" VARCHAR2(10) NOT NULL, "Author" VARCHAR2(30) NOT NULL, "Review_ID" NUMBER NOT NULL, "Comment_ID" VARCHAR2(5) PRIMARY KEY );/* Table for Comments Relationship */CREATE TABLE "Comments" ( "Review_ID" VARCHAR2(10), "Comment_List" VARCHAR2(1000) );/* Table for Vote */CREATE TABLE "Vote" ( "Helpfulness" NUMBER NOT NULL, "Review_ID" VARCHAR2(10) NOT NULL, "Author" VARCHAR2(10) NOT NULL );/* Table for Scene */CREATE TABLE "Scene" ( "SceneNum" NUMBER PRIMARY KEY );							/* Table for Content */							CREATE TABLE "Content" ( "Content_ID" VARCHAR2(10) PRIMARY KEY, "Review_ID" VARCHAR2(10) NOT NULL, "Textual_Content" VARCHAR2(2000), "Picture" VARCHAR2(2000), "Video" VARCHAR2(2000) );--------------------------------------------------------------------------------------REM INSERTING into JJENG."Movie"SET DEFINE OFF;Insert into JJENG."Movie" ("Title","Release_Year","Genre","Production_Cost","Production_Contract","Scenes_ID","Serial_Number","Awards","Director") values ('Scarface',1988,'Action',null,null,null,'M1',null,'P1');Insert into JJENG."Movie" ("Title","Release_Year","Genre","Production_Cost","Production_Contract","Scenes_ID","Serial_Number","Awards","Director") values ('Scent of a women',1995,'Action,Comedy',null,null,null,'M2',null,'P2');Insert into JJENG."Movie" ("Title","Release_Year","Genre","Production_Cost","Production_Contract","Scenes_ID","Serial_Number","Awards","Director") values ('My big fat greek wedding',2000,'Comedy',null,null,null,'M3',null,'P4');Insert into JJENG."Movie" ("Title","Release_Year","Genre","Production_Cost","Production_Contract","Scenes_ID","Serial_Number","Awards","Director") values ('The Devil''s Advocate',1997,'Thriller',null,null,null,'M4',null,'P1');Insert into JJENG."Movie" ("Title","Release_Year","Genre","Production_Cost","Production_Contract","Scenes_ID","Serial_Number","Awards","Director") values ('Mr. and Mrs Smith',1965,'Comedy,Action',null,null,null,'M5',null,'P1');Insert into JJENG."Movie" ("Title","Release_Year","Genre","Production_Cost","Production_Contract","Scenes_ID","Serial_Number","Awards","Director") values ('Now You see me',2013,'Thriller',null,null,null,'M6',null,'P2');Insert into JJENG."Movie" ("Title","Release_Year","Genre","Production_Cost","Production_Contract","Scenes_ID","Serial_Number","Awards","Director") values ('Barely Lethal',2014,'Action',null,null,null,'M7',null,'P4');Insert into JJENG."Movie" ("Title","Release_Year","Genre","Production_Cost","Production_Contract","Scenes_ID","Serial_Number","Awards","Director") values ('The Man with one red shoe',1984,'Comedy',null,null,null,'M8',null,'P1');Insert into JJENG."Movie" ("Title","Release_Year","Genre","Production_Cost","Production_Contract","Scenes_ID","Serial_Number","Awards","Director") values ('The Polar Express',2010,'Comedy',null,null,null,'M9',null,'P2');Insert into JJENG."Movie" ("Title","Release_Year","Genre","Production_Cost","Production_Contract","Scenes_ID","Serial_Number","Awards","Director") values ('Her',2013,'Thriller',null,null,null,'M10',null,'P2');Insert into JJENG."Movie" ("Title","Release_Year","Genre","Production_Cost","Production_Contract","Scenes_ID","Serial_Number","Awards","Director") values ('Lucy',2015,'Thriller',null,null,null,'M11',null,'P4');Insert into JJENG."Movie" ("Title","Release_Year","Genre","Production_Cost","Production_Contract","Scenes_ID","Serial_Number","Awards","Director") values ('The Da Vinci Code',2005,'Action, Thriller',null,null,null,'M12',null,'P4');Insert into JJENG."Movie" ("Title","Release_Year","Genre","Production_Cost","Production_Contract","Scenes_ID","Serial_Number","Awards","Director") values ('The God Father part II',1975,'Action, Thriller',null,null,null,'M13',null,'P1');Insert into JJENG."Movie" ("Title","Release_Year","Genre","Production_Cost","Production_Contract","Scenes_ID","Serial_Number","Awards","Director") values ('Angels and Daemons',2009,'Action, Thriller',null,null,null,'M15',null,'P2');Insert into JJENG."Movie" ("Title","Release_Year","Genre","Production_Cost","Production_Contract","Scenes_ID","Serial_Number","Awards","Director") values ('The Island',2010,'Action, Comedy',null,null,null,'M16',null,'P4');--------------------------------------------------------------------------------------REM INSERTING into JJENG."Director"SET DEFINE OFF;Insert into JJENG."Director" ("Awards","Movie",PID,"FirstName","LastName","Gender","Birthdate","Birthplace","Photo","Marriage_ID","Guardian_Child_ID") values (null,null,'P1','Brian','de forma','M',to_date('11-SEP-40','DD-MON-RR'),'New York',null,null,null);Insert into JJENG."Director" ("Awards","Movie",PID,"FirstName","LastName","Gender","Birthdate","Birthplace","Photo","Marriage_ID","Guardian_Child_ID") values (null,null,'P2','Martin','Brest','M',to_date('08-AUG-51','DD-MON-RR'),'San Jose',null,null,null);Insert into JJENG."Director" ("Awards","Movie",PID,"FirstName","LastName","Gender","Birthdate","Birthplace","Photo","Marriage_ID","Guardian_Child_ID") values (null,null,'P4','Luc','Besson','F',to_date('30-MAY-75','DD-MON-RR'),'Paris',null,null,null);--------------------------------------------------------------------------------------REM INSERTING into JJENG."Actor"SET DEFINE OFF;Insert into JJENG."Actor" ("Awards",PID,"FirstName","LastName","Gender","Birthdate","Birthplace","Photo","Marriage_ID","Guardian_Child_ID") values (null,'P3','Scarlett','Johanson','F',to_date('22-NOV-84','DD-MON-RR'),'Austin',null,null,null);Insert into JJENG."Actor" ("Awards",PID,"FirstName","LastName","Gender","Birthdate","Birthplace","Photo","Marriage_ID","Guardian_Child_ID") values (null,'P5','Morgan','Freeman','M',to_date('05-JUN-53','DD-MON-RR'),'Canberra',null,null,null);Insert into JJENG."Actor" ("Awards",PID,"FirstName","LastName","Gender","Birthdate","Birthplace","Photo","Marriage_ID","Guardian_Child_ID") values (null,'P6','Al','Pacino','M',to_date('12-NOV-56','DD-MON-RR'),'Portland',null,null,null);Insert into JJENG."Actor" ("Awards",PID,"FirstName","LastName","Gender","Birthdate","Birthplace","Photo","Marriage_ID","Guardian_Child_ID") values (null,'P7','Angelina','Jolie','F',to_date('03-MAR-70','DD-MON-RR'),'Seattle',null,null,null);Insert into JJENG."Actor" ("Awards",PID,"FirstName","LastName","Gender","Birthdate","Birthplace","Photo","Marriage_ID","Guardian_Child_ID") values (null,'P8','Brad','Pitt','M',to_date('04-APR-75','DD-MON-RR'),'London',null,null,null);Insert into JJENG."Actor" ("Awards",PID,"FirstName","LastName","Gender","Birthdate","Birthplace","Photo","Marriage_ID","Guardian_Child_ID") values (null,'P9','Tom','Hanks','M',to_date('19-MAY-64','DD-MON-RR'),'Perth',null,null,null);Insert into JJENG."Actor" ("Awards",PID,"FirstName","LastName","Gender","Birthdate","Birthplace","Photo","Marriage_ID","Guardian_Child_ID") values (null,'P10','Jessica','Alba','F',to_date('07-AUG-83','DD-MON-RR'),'Seoul',null,null,null);Insert into JJENG."Actor" ("Awards",PID,"FirstName","LastName","Gender","Birthdate","Birthplace","Photo","Marriage_ID","Guardian_Child_ID") values (null,'P12','Alex','Parish','F',to_date('09-JUL-77','DD-MON-RR'),'San Jose',null,null,null);Insert into JJENG."Actor" ("Awards",PID,"FirstName","LastName","Gender","Birthdate","Birthplace","Photo","Marriage_ID","Guardian_Child_ID") values (null,'P13','Jack','Nicholson','M',to_date('13-NOV-58','DD-MON-RR'),'Austin',null,null,null);Insert into JJENG."Actor" ("Awards",PID,"FirstName","LastName","Gender","Birthdate","Birthplace","Photo","Marriage_ID","Guardian_Child_ID") values (null,'P15','Harrison','Ford','M',to_date('11-SEP-57','DD-MON-RR'),'Canberra',null,null,null);Insert into JJENG."Actor" ("Awards",PID,"FirstName","LastName","Gender","Birthdate","Birthplace","Photo","Marriage_ID","Guardian_Child_ID") values (null,'P16','Julia','Roberts','F',to_date('01-JAN-67','DD-MON-RR'),'Portland',null,null,null);Insert into JJENG."Actor" ("Awards",PID,"FirstName","LastName","Gender","Birthdate","Birthplace","Photo","Marriage_ID","Guardian_Child_ID") values (null,'P17','Matt','Damon','M',to_date('01-JAN-71','DD-MON-RR'),'Seattle',null,null,null);Insert into JJENG."Actor" ("Awards",PID,"FirstName","LastName","Gender","Birthdate","Birthplace","Photo","Marriage_ID","Guardian_Child_ID") values (null,'P18','Jennifer','Lawrence','F',to_date('02-FEB-62','DD-MON-RR'),'London',null,null,null);Insert into JJENG."Actor" ("Awards",PID,"FirstName","LastName","Gender","Birthdate","Birthplace","Photo","Marriage_ID","Guardian_Child_ID") values (null,'P19','George','clooney','M',to_date('03-MAR-65','DD-MON-RR'),'Perth',null,null,null);Insert into JJENG."Actor" ("Awards",PID,"FirstName","LastName","Gender","Birthdate","Birthplace","Photo","Marriage_ID","Guardian_Child_ID") values (null,'P20','Jennifer','Aniston','F',to_date('04-APR-68','DD-MON-RR'),'Seoul',null,null,null);--------------------------------------------------------------------------------------REM INSERTING into JJENG."Actor_Cast"SET DEFINE OFF;Insert into JJENG."Actor_Cast" ("Movie_ID","Actor_ID","Character_name") values ('M1','P5','Jessica');Insert into JJENG."Actor_Cast" ("Movie_ID","Actor_ID","Character_name") values ('M1','P6','robert');Insert into JJENG."Actor_Cast" ("Movie_ID","Actor_ID","Character_name") values ('M2','P5','John');Insert into JJENG."Actor_Cast" ("Movie_ID","Actor_ID","Character_name") values ('M2','P6','Mark');Insert into JJENG."Actor_Cast" ("Movie_ID","Actor_ID","Character_name") values ('M3','P9','Alex');Insert into JJENG."Actor_Cast" ("Movie_ID","Actor_ID","Character_name") values ('M3','P7','Julie');Insert into JJENG."Actor_Cast" ("Movie_ID","Actor_ID","Character_name") values ('M4','P5','Jessica');Insert into JJENG."Actor_Cast" ("Movie_ID","Actor_ID","Character_name") values ('M4','P6','Matt');Insert into JJENG."Actor_Cast" ("Movie_ID","Actor_ID","Character_name") values ('M4','P8','Jennifer');Insert into JJENG."Actor_Cast" ("Movie_ID","Actor_ID","Character_name") values ('M5','P7','Jennifer');Insert into JJENG."Actor_Cast" ("Movie_ID","Actor_ID","Character_name") values ('M5','P8','Tom');Insert into JJENG."Actor_Cast" ("Movie_ID","Actor_ID","Character_name") values ('M5','P5','Milo');Insert into JJENG."Actor_Cast" ("Movie_ID","Actor_ID","Character_name") values ('M6','P6','Chris');Insert into JJENG."Actor_Cast" ("Movie_ID","Actor_ID","Character_name") values ('M6','P7','Rose');Insert into JJENG."Actor_Cast" ("Movie_ID","Actor_ID","Character_name") values ('M6','P5','Bill');Insert into JJENG."Actor_Cast" ("Movie_ID","Actor_ID","Character_name") values ('M7','P10','Jane');Insert into JJENG."Actor_Cast" ("Movie_ID","Actor_ID","Character_name") values ('M7','P5','Brad');Insert into JJENG."Actor_Cast" ("Movie_ID","Actor_ID","Character_name") values ('M8','P9','Lucas');Insert into JJENG."Actor_Cast" ("Movie_ID","Actor_ID","Character_name") values ('M8','P10','Juanita');Insert into JJENG."Actor_Cast" ("Movie_ID","Actor_ID","Character_name") values ('M9','P9','Clayne');Insert into JJENG."Actor_Cast" ("Movie_ID","Actor_ID","Character_name") values ('M9','P9','Jane');Insert into JJENG."Actor_Cast" ("Movie_ID","Actor_ID","Character_name") values ('M9','P9','Brad');Insert into JJENG."Actor_Cast" ("Movie_ID","Actor_ID","Character_name") values ('M9','P9','Lucas');Insert into JJENG."Actor_Cast" ("Movie_ID","Actor_ID","Character_name") values ('M9','P9','Brad');Insert into JJENG."Actor_Cast" ("Movie_ID","Actor_ID","Character_name") values ('M9','P9','Justin');Insert into JJENG."Actor_Cast" ("Movie_ID","Actor_ID","Character_name") values ('M9','P17','Martin');Insert into JJENG."Actor_Cast" ("Movie_ID","Actor_ID","Character_name") values ('M9','P19','Mike');Insert into JJENG."Actor_Cast" ("Movie_ID","Actor_ID","Character_name") values ('M10','P3','Travis');Insert into JJENG."Actor_Cast" ("Movie_ID","Actor_ID","Character_name") values ('M10','P5','Alexander');Insert into JJENG."Actor_Cast" ("Movie_ID","Actor_ID","Character_name") values ('M10','P6','Justin');Insert into JJENG."Actor_Cast" ("Movie_ID","Actor_ID","Character_name") values ('M11','P3','Jessica');Insert into JJENG."Actor_Cast" ("Movie_ID","Actor_ID","Character_name") values ('M11','P5','Johnny');Insert into JJENG."Actor_Cast" ("Movie_ID","Actor_ID","Character_name") values ('M11','P8','Rami');Insert into JJENG."Actor_Cast" ("Movie_ID","Actor_ID","Character_name") values ('M11','P9','Sam');Insert into JJENG."Actor_Cast" ("Movie_ID","Actor_ID","Character_name") values ('M12','P9','Gatek');Insert into JJENG."Actor_Cast" ("Movie_ID","Actor_ID","Character_name") values ('M12','P10','Rose');Insert into JJENG."Actor_Cast" ("Movie_ID","Actor_ID","Character_name") values ('M12','P3','maria');Insert into JJENG."Actor_Cast" ("Movie_ID","Actor_ID","Character_name") values ('M13','P5','Travis');Insert into JJENG."Actor_Cast" ("Movie_ID","Actor_ID","Character_name") values ('M13','P6','Alexander');Insert into JJENG."Actor_Cast" ("Movie_ID","Actor_ID","Character_name") values ('M13','P16','Pearl');Insert into JJENG."Actor_Cast" ("Movie_ID","Actor_ID","Character_name") values ('M15','P12','Sofia');Insert into JJENG."Actor_Cast" ("Movie_ID","Actor_ID","Character_name") values ('M15','P18','chrissy');Insert into JJENG."Actor_Cast" ("Movie_ID","Actor_ID","Character_name") values ('M15','P9','Mike');Insert into JJENG."Actor_Cast" ("Movie_ID","Actor_ID","Character_name") values ('M16','P10','Martin');Insert into JJENG."Actor_Cast" ("Movie_ID","Actor_ID","Character_name") values ('M16','P15','Bill');Insert into JJENG."Actor_Cast" ("Movie_ID","Actor_ID","Character_name") values ('M16','P16','Emilia');--------------------------------------------------------------------------------------REM INSERTING into JJENG."Review"SET DEFINE OFF;Insert into JJENG."Review" ("Review_ID","Publish_Date","Author","Textual_Content","NumStars","NumVotes","Content_ID","Movie_Subject","TV_Subject") values ('Review1',to_date('02-OCT-07','DD-MON-RR'),'ID1',null,7,25,null,'M1',null);Insert into JJENG."Review" ("Review_ID","Publish_Date","Author","Textual_Content","NumStars","NumVotes","Content_ID","Movie_Subject","TV_Subject") values ('Review2',to_date('29-SEP-07','DD-MON-RR'),'ID2',null,8,35,null,'M2',null);Insert into JJENG."Review" ("Review_ID","Publish_Date","Author","Textual_Content","NumStars","NumVotes","Content_ID","Movie_Subject","TV_Subject") values ('Review3',to_date('29-SEP-07','DD-MON-RR'),'ID3',null,9,24,null,'M2',null);Insert into JJENG."Review" ("Review_ID","Publish_Date","Author","Textual_Content","NumStars","NumVotes","Content_ID","Movie_Subject","TV_Subject") values ('Review4',to_date('02-OCT-07','DD-MON-RR'),'ID4',null,10,8,null,'M3',null);Insert into JJENG."Review" ("Review_ID","Publish_Date","Author","Textual_Content","NumStars","NumVotes","Content_ID","Movie_Subject","TV_Subject") values ('Review5',to_date('25-OCT-07','DD-MON-RR'),'ID5',null,9,11,null,'M3',null);Insert into JJENG."Review" ("Review_ID","Publish_Date","Author","Textual_Content","NumStars","NumVotes","Content_ID","Movie_Subject","TV_Subject") values ('Review6',to_date('26-SEP-07','DD-MON-RR'),'ID6',null,8,6,null,'M4',null);Insert into JJENG."Review" ("Review_ID","Publish_Date","Author","Textual_Content","NumStars","NumVotes","Content_ID","Movie_Subject","TV_Subject") values ('Review7',to_date('26-SEP-07','DD-MON-RR'),'ID7',null,7,23,null,'M4',null);Insert into JJENG."Review" ("Review_ID","Publish_Date","Author","Textual_Content","NumStars","NumVotes","Content_ID","Movie_Subject","TV_Subject") values ('Review8',to_date('28-SEP-07','DD-MON-RR'),'ID9',null,9,22,null,'M5',null);Insert into JJENG."Review" ("Review_ID","Publish_Date","Author","Textual_Content","NumStars","NumVotes","Content_ID","Movie_Subject","TV_Subject") values ('Review9',to_date('29-OCT-07','DD-MON-RR'),'ID10',null,8,26,null,'M6',null);Insert into JJENG."Review" ("Review_ID","Publish_Date","Author","Textual_Content","NumStars","NumVotes","Content_ID","Movie_Subject","TV_Subject") values ('Review10',to_date('30-SEP-07','DD-MON-RR'),'ID11',null,8,27,null,'M7',null);Insert into JJENG."Review" ("Review_ID","Publish_Date","Author","Textual_Content","NumStars","NumVotes","Content_ID","Movie_Subject","TV_Subject") values ('Review11',to_date('25-OCT-07','DD-MON-RR'),'ID12',null,8,18,null,'M7',null);Insert into JJENG."Review" ("Review_ID","Publish_Date","Author","Textual_Content","NumStars","NumVotes","Content_ID","Movie_Subject","TV_Subject") values ('Review12',to_date('25-SEP-07','DD-MON-RR'),'ID1',null,7,19,null,'M8',null);Insert into JJENG."Review" ("Review_ID","Publish_Date","Author","Textual_Content","NumStars","NumVotes","Content_ID","Movie_Subject","TV_Subject") values ('Review13',to_date('25-SEP-07','DD-MON-RR'),'ID2',null,7,16,null,'M9',null);Insert into JJENG."Review" ("Review_ID","Publish_Date","Author","Textual_Content","NumStars","NumVotes","Content_ID","Movie_Subject","TV_Subject") values ('Review14',to_date('29-SEP-07','DD-MON-RR'),'ID3',null,8,18,null,'M10',null);Insert into JJENG."Review" ("Review_ID","Publish_Date","Author","Textual_Content","NumStars","NumVotes","Content_ID","Movie_Subject","TV_Subject") values ('Review15',to_date('07-JUN-07','DD-MON-RR'),'ID4',null,9,22,null,'M11',null);Insert into JJENG."Review" ("Review_ID","Publish_Date","Author","Textual_Content","NumStars","NumVotes","Content_ID","Movie_Subject","TV_Subject") values ('Review16',to_date('05-MAY-07','DD-MON-RR'),'ID5',null,10,13,null,'M11',null);Insert into JJENG."Review" ("Review_ID","Publish_Date","Author","Textual_Content","NumStars","NumVotes","Content_ID","Movie_Subject","TV_Subject") values ('Review17',to_date('05-MAY-07','DD-MON-RR'),'ID6',null,9,50,null,'M12',null);Insert into JJENG."Review" ("Review_ID","Publish_Date","Author","Textual_Content","NumStars","NumVotes","Content_ID","Movie_Subject","TV_Subject") values ('Review18',to_date('25-OCT-07','DD-MON-RR'),'ID7',null,5,34,null,'M13',null);Insert into JJENG."Review" ("Review_ID","Publish_Date","Author","Textual_Content","NumStars","NumVotes","Content_ID","Movie_Subject","TV_Subject") values ('Review19',to_date('05-MAY-07','DD-MON-RR'),'ID10',null,8,25,null,'M15',null);Insert into JJENG."Review" ("Review_ID","Publish_Date","Author","Textual_Content","NumStars","NumVotes","Content_ID","Movie_Subject","TV_Subject") values ('Review20',to_date('05-MAY-07','DD-MON-RR'),'ID11',null,7,12,null,'M16',null);--------------------------------------------------------------------------------------REM INSERTING into JJENG."IMDB_User"SET DEFINE OFF;Insert into JJENG."IMDB_User" ("UserID","FirstName","LastName","Gender","Birthdate","Birthplace","Profile_Pic","Email") values ('ID1','John ','Smith     ','M',to_date('05-OCT-95','DD-MON-RR'),'FL',null,'john@yahoo.com');Insert into JJENG."IMDB_User" ("UserID","FirstName","LastName","Gender","Birthdate","Birthplace","Profile_Pic","Email") values ('ID2','Juan ','Carlos','M',to_date('12-APR-94','DD-MON-RR'),'AK',null,'juan@gmail.com');Insert into JJENG."IMDB_User" ("UserID","FirstName","LastName","Gender","Birthdate","Birthplace","Profile_Pic","Email") values ('ID3','Jane ','Chapel','F',to_date('02-NOV-93','DD-MON-RR'),'IL',null,'Jane@gmail.com');Insert into JJENG."IMDB_User" ("UserID","FirstName","LastName","Gender","Birthdate","Birthplace","Profile_Pic","Email") values ('ID4','Aditya','Awasthi','M',null,'CA',null,'adi@yahoo.com');Insert into JJENG."IMDB_User" ("UserID","FirstName","LastName","Gender","Birthdate","Birthplace","Profile_Pic","Email") values ('ID5','James ','Williams','M',to_date('05-MAY-91','DD-MON-RR'),'NY',null,'james@hotmail.com');Insert into JJENG."IMDB_User" ("UserID","FirstName","LastName","Gender","Birthdate","Birthplace","Profile_Pic","Email") values ('ID6','Mike ','Brown','M',to_date('01-MAR-88','DD-MON-RR'),'NC',null,'mike@yahoo.com');Insert into JJENG."IMDB_User" ("UserID","FirstName","LastName","Gender","Birthdate","Birthplace","Profile_Pic","Email") values ('ID7','Bob ','Jones     ','M',to_date('07-FEB-88','DD-MON-RR'),'NY ',null,'bob@yahoo.com');Insert into JJENG."IMDB_User" ("UserID","FirstName","LastName","Gender","Birthdate","Birthplace","Profile_Pic","Email") values ('ID8',' Wei ','Zhang ','F',to_date('12-AUG-85','DD-MON-RR'),'NV',null,'wei@gmail.com');Insert into JJENG."IMDB_User" ("UserID","FirstName","LastName","Gender","Birthdate","Birthplace","Profile_Pic","Email") values ('ID9','Mark ','Davis   ','M',to_date('19-MAY-84','DD-MON-RR'),'CA',null,'mark@gmail.com');Insert into JJENG."IMDB_User" ("UserID","FirstName","LastName","Gender","Birthdate","Birthplace","Profile_Pic","Email") values ('ID10','Daniel  ','Garcia','M',to_date('01-JUN-80','DD-MON-RR'),'NJ',null,'daniel@yahoo.com');Insert into JJENG."IMDB_User" ("UserID","FirstName","LastName","Gender","Birthdate","Birthplace","Profile_Pic","Email") values ('ID11','Maria','Rodriguez','F',to_date('18-MAR-75','DD-MON-RR'),'CA',null,'maria@hotmail.com');Insert into JJENG."IMDB_User" ("UserID","FirstName","LastName","Gender","Birthdate","Birthplace","Profile_Pic","Email") values ('ID12','Freya','Wilson','F',to_date('19-FEB-70','DD-MON-RR'),'NJ',null,'freya@yahoo.com');--------------------------------------------------------------------------------------ALTER TABLE "Movie" ADD CONSTRAINT "Movie_FK1" FOREIGN KEY ("Director") REFERENCES "Director" ("PID") ENABLE;ALTER TABLE "Movie" ADD CONSTRAINT "Movie_FK2" FOREIGN KEY ("Scenes_ID") REFERENCES "Scenes" ("Scenes_ID") ENABLE;ALTER TABLE "Production" ADD CONSTRAINT "Production_FK1" FOREIGN KEY ("Movie") REFERENCES "Movie" ("Serial_Number") ENABLE;ALTER TABLE "Production" ADD CONSTRAINT "Production_FK2" FOREIGN KEY ("TV_Series") REFERENCES "TV_Series" ("TV_Series_ID") ENABLE;ALTER TABLE "Actor_Cast" ADD CONSTRAINT "Actor_Cast_FK1" FOREIGN KEY ("Movie_ID") REFERENCES "Movie" ("Serial_Number") ENABLE;ALTER TABLE "Actor_Cast" ADD CONSTRAINT "Actor_Cast_FK2" FOREIGN KEY ("Actor_ID") REFERENCES "Actor" ("PID") ENABLE;ALTER TABLE "Awards" ADD CONSTRAINT "Awards_FK1" FOREIGN KEY ("Movie_ID") REFERENCES "Movie" ("Serial_Number") ENABLE;ALTER TABLE "Awards" ADD CONSTRAINT "Awards_FK2" FOREIGN KEY ("TV_Series_ID") REFERENCES "TV_Series" ("TV_Series_ID") ENABLE;ALTER TABLE "Awards" ADD CONSTRAINT "Awards_FK3" FOREIGN KEY ("Director_ID") REFERENCES "Director" ("PID") ENABLE;ALTER TABLE "Awards" ADD CONSTRAINT "Awards_FK4" FOREIGN KEY ("Actor_ID") REFERENCES "Actor" ("PID") ENABLE;ALTER TABLE "Scenes" ADD CONSTRAINT "Scenes_FK1" FOREIGN KEY ("Parent_Movie") REFERENCES "Movie" ("Serial_Number") ENABLE;ALTER TABLE "Review" ADD CONSTRAINT "Review_FK1" FOREIGN KEY ("Movie_Subject") REFERENCES "Movie" ("Serial_Number") ENABLE;ALTER TABLE "Review" ADD CONSTRAINT "Review_FK2" FOREIGN KEY ("TV_Subject") REFERENCES "TV_Series" ("TV_Series_ID") ENABLE;ALTER TABLE "Review" ADD CONSTRAINT "Review_FK3" FOREIGN KEY ("Author") REFERENCES "IMDB_User" ("UserID") ENABLE;ALTER TABLE "Review" ADD CONSTRAINT "Review_FK4" FOREIGN KEY ("Content_ID") REFERENCES "Content" ("Content_ID") ENABLE;ALTER TABLE "Director" ADD CONSTRAINT "Director_FK1" FOREIGN KEY ("Movie") REFERENCES "Movie" ("Serial_Number") ENABLE;ALTER TABLE "Director" ADD CONSTRAINT "Director_FK2" FOREIGN KEY ("Awards") REFERENCES "Awards" ("Awards_ID") ENABLE;ALTER TABLE "Actor" ADD CONSTRAINT "Actor_FK1" FOREIGN KEY ("Awards") REFERENCES "Awards" ("Awards_ID") ENABLE;ALTER TABLE "TV_Cast" ADD CONSTRAINT "TV_Cast_FK1" FOREIGN KEY ("TV_Series") REFERENCES "TV_Series" ("TV_Series_ID") ENABLE;ALTER TABLE "TV_Cast" ADD CONSTRAINT "TV_Cast_FK2" FOREIGN KEY ("Actor") REFERENCES "Actor" ("PID") ENABLE;ALTER TABLE "Ep_Cast" ADD CONSTRAINT "Ep_Cast_FK1" FOREIGN KEY ("Actor") REFERENCES "Actor" ("PID") ENABLE;ALTER TABLE "TV_Series" ADD CONSTRAINT "TV_Series_FK1" FOREIGN KEY ("Production") REFERENCES "Production" ("Contract_Num") ENABLE;ALTER TABLE "Episode" ADD CONSTRAINT "Episode_FK1" FOREIGN KEY ("TV_Series") REFERENCES "TV_Series" ("TV_Series_ID") ENABLE;ALTER TABLE "Episode" ADD CONSTRAINT "Episode_PK" PRIMARY KEY ("Title", "Ep_Number") ENABLE;ALTER TABLE "RComment" ADD CONSTRAINT "Comment_FK1" FOREIGN KEY ("Content_ID") REFERENCES "Content" ("Content_ID") ENABLE;ALTER TABLE "Content" ADD CONSTRAINT "Content_FK1" FOREIGN KEY ("Review_ID") REFERENCES "Review" ("Review_ID") ENABLE;
